Name,Phone Number,Email,Address
alice johnson,9876543210,alice.johnson@example.com,123 maple street new york
bob smith,9123456789,bobsmith@gmail.com,456 oak avenue los angeles
charlie brown,9998887777,charlie.brown@outlook.com,789 pine road chicago
diana prince,9001234567,diana.p@themyscira.org,madhyamgram kolkata 700130
fiona gallagher,8776655443,fiona.g@gmail.com,35 south side blvd chicago
george miller,8123456709,gmiller@company.com,101 first avenue dallas
hannah baker,9345678901,hannahb123@yahoo.com,88 riverwalk san francisco
ian malcolm,8456723098,imalcolm@dinoworld.com,240 jurassic park montana
julia roberts,8901234567,julia.roberts@mail.com,75 sunset blvd los angeles
ayan chakraborty,7439537213,ayanchakraborty2004@gmail.com,"3no chandigarh, madhyamgram"
